915593	what types of food can you cook sous vide
794429	what is sculpture shape space
801118	what is supplemental security income used for
190044	foods to detox liver naturally
451602	medicare's definition of mechanical ventilation
177604	eating foods that are considered warm
966413	where are the benefits of cinnamon as a supplement?
588587	what causes heavy metal toxins in your body
1108939	what slows down the flow of blood
507445	symptoms of different types of brain bleeds
527433	types of dysarthria from cerebral palsy
1056204	who was the first steam boat operator
1114646	what is famvir prescribed for
264403	how long is recovery from a face lift and neck lift
87452	causes of military suicide
489204	right pelvic pain causes
182539	example of monotonic function
537817	vitamin e anti scar
86606	causes of gas in large intestine
88495	causes of stroke?
877809	what metal are hip replacements made of
554515	what are achieved and ascribed statuses?
1065636	why do some places on my scalp feel sore
1133485	how does vitamin c helps
166046	does ethambutol treat bone infection
655914	what drives poaching
730539	what is chronometer who invented it
67316	can fever cause miscarriage early pregnancy
144862	did prohibition increased crime
1106007	define visceral?
883915	what other brain proteins can cause dementia
443396	lps laws definition
1117817	what does unauthorized act in writing mean
1049519	who said no one can make you feel inferior
705609	what is a virus made of
1108100	what type of movement do bacteria exhibit?
47923	axon terminals or synaptic knob definition
174463	dog day afternoon meaning
332593	how often to button quail lay eggs
1109707	what medium do radio waves travel through
1136769	why does lacquered brass tarnish
1056416	who was the highest career passer rating in the nfl
1112341	what is the daily life of thai people
315637	how much does it cost to go to alabama university
1103812	who formed the commonwealth of independent states
673670	what is a alm
1103153	who is thomas m cooley
19335	anthropological definition of environment
1105792	define: geon
273695	how long will methadone stay in your system
